ID,URL,Status,Timestamp
1,https://1k.by/,OK,2025-09-25 15:02:24
2,https://1k.by/dom/,OK,2025-09-25 15:02:24
3,https://1k.by/dom/garden-gardenaccessories/,OK,2025-09-25 15:02:24
4,https://1k.by/gift/,OK,2025-09-25 15:02:24
5,https://1k.by/dom/garden-washeraccessories/,OK,2025-09-25 15:02:24
6,https://1k.by/dom/garden-pools/,OK,2025-09-25 15:02:24
7,https://1k.by/health/,OK,2025-09-25 15:02:24
8,https://1k.by/info1k/about,OK,2025-09-25 15:02:24
9,https://1k.by/info1k/ads,OK,2025-09-25 15:02:24
10,https://1k.by/info1k/agreement,OK,2025-09-25 15:02:24
11,https://1k.by/info1k/buyer,OK,2025-09-25 15:02:24
12,https://1k.by/info1k/contacts,OK,2025-09-25 15:02:24
13,https://1k.by/info1k/policycookie,OK,2025-09-25 15:02:24
14,https://1k.by/kids/,OK,2025-09-25 15:02:24
15,https://1k.by/info1k/sitemap,OK,2025-09-25 15:02:24
16,https://1k.by/remont/,OK,2025-09-25 15:02:24
17,https://1k.by/remont/izmerenie-thermalimagers/,OK,2025-09-25 15:02:24
18,https://1k.by/soft/,OK,2025-09-25 15:02:24
19,https://1k.by/sport/,OK,2025-09-25 15:02:24
20,https://1k.by/sport/sportingequipment-bicycles-sellers/,OK,2025-09-25 15:02:24
21,https://1k.by/sport/sportingequipment-bicycles-terms/,OK,2025-09-25 15:02:24
22,https://1k.by/sport/sportingequipment-bicycles/aist/,OK,2025-09-25 15:02:24
23,https://1k.by/sport/sportingequipment-bicycles/aist/AIST_28_130_2022-4583328.html,OK,2025-09-25 15:02:24
24,https://1k.by/sport/sportingequipment-bicycles/aist/AIST_28_130_2022-4583328/offers/,OK,2025-09-25 15:02:24
25,https://1k.by/sport/sportingequipment-bicycles/another/,OK,2025-09-25 15:02:24
26,https://1k.by/sport/sportingequipment-bicycles/all-list/,OK,2025-09-25 15:02:24
27,https://1k.by/sport/sportingequipment-bicycles/arena/ARENA_Breeze_26_2025-5096039/offers/,ERROR: InvalidSessionIdException,2025-09-25 15:02:24
28,https://1k.by/sport/sportingequipment-bicycles/arena/ARENA_Crystal_26_2025-5096042.html,ERROR: InvalidSessionIdException,2025-09-25 15:02:24
29,https://1k.by/sport/sportingequipment-bicycles/arena/ARENA_Crystal_26_2025-5096042/offers/,ERROR: InvalidSessionIdException,2025-09-25 15:02:24
30,https://1k.by/sport/sportingequipment-bicycles/arena/ARENA_Flash_24_2025-5096043.html,ERROR: InvalidSessionIdException,2025-09-25 15:02:24
31,https://1k.by/sport/sportingequipment-bicycles/arena/ARENA_Flash_24_2025-5096043/offers/,ERROR: InvalidSessionIdException,2025-09-25 15:02:24
32,https://1k.by/sport/sportingequipment-bicycles/arena/ARENA_Moon_275_2025-5097759.html,ERROR: InvalidSessionIdException,2025-09-25 15:02:24
33,https://1k.by/sport/sportingequipment-bicycles/arena/ARENA_Moon_275_2025-5097759/offers/,ERROR: InvalidSessionIdException,2025-09-25 15:02:24
34,https://1k.by/sport/sportingequipment-bicycles/arena/ARENA_Rocky_28_2025-5097752.html,ERROR: InvalidSessionIdException,2025-09-25 15:02:24
35,https://1k.by/sport/sportingequipment-bicycles/arena/ARENA_Rocky_28_2025-5097752/offers/,ERROR: InvalidSessionIdException,2025-09-25 15:02:24
36,https://1k.by/sport/sportingequipment-bicycles/arena/ARENA_Storm_26_2024-4925130.html,ERROR: InvalidSessionIdException,2025-09-25 15:02:24
37,https://1k.by/sport/sportingequipment-bicycles/arena/ARENA_Storm_26_2024-4925130/offers/,ERROR: InvalidSessionIdException,2025-09-25 15:02:24
38,https://1k.by/sport/sportingequipment-bicycles/aspect/,ERROR: InvalidSessionIdException,2025-09-25 15:02:24
39,https://1k.by/sport/sportingequipment-bicycles/choice-aliyminievaya-rama-764/,ERROR: InvalidSessionIdException,2025-09-25 15:02:24
40,https://1k.by/sport/sportingequipment-bicycles/choice-dlya-deteii-560/,ERROR: InvalidSessionIdException,2025-09-25 15:02:24
41,https://1k.by/sport/sportingequipment-bicycles/choice-elektrovelosiped-1895/,ERROR: InvalidSessionIdException,2025-09-25 15:02:24
42,https://1k.by/sport/sportingequipment-bicycles/choice-fet-baiik-1889/,ERROR: InvalidSessionIdException,2025-09-25 15:02:24
43,https://1k.by/sport/sportingequipment-bicycles/choice-full/,ERROR: InvalidSessionIdException,2025-09-25 15:02:24
44,https://1k.by/sport/sportingequipment-bicycles/choice-karbonovaya-rama-561/,ERROR: InvalidSessionIdException,2025-09-25 15:02:24
45,https://1k.by/sport/sportingequipment-bicycles/choice-kredit-na-rodnyiya-tavaryi-6747/,ERROR: InvalidSessionIdException,2025-09-25 15:02:24
46,https://1k.by/sport/sportingequipment-bicycles/choice-modeli-2023-goda-6744/,ERROR: InvalidSessionIdException,2025-09-25 15:02:24
47,https://1k.by/sport/sportingequipment-bicycles/choice-modeli-2024-goda-6743/,ERROR: InvalidSessionIdException,2025-09-25 15:02:24
48,https://1k.by/sport/sportingequipment-bicycles/choice-shosseiiniki-564/,ERROR: InvalidSessionIdException,2025-09-25 15:02:24
49,https://1k.by/sport/sportingequipment-bicycles/choice-skladnyie-modeli-762/,ERROR: InvalidSessionIdException,2025-09-25 15:02:24
50,https://1k.by/sport/sportingequipment-bicycles/cord/CORD_5Bike_29_M500_2025-5099725.html,ERROR: InvalidSessionIdException,2025-09-25 15:02:24
51,https://1k.by/sport/sportingequipment-bicycles/cord/CORD_5Bike_29_M500_2025-5099725/offers/,ERROR: InvalidSessionIdException,2025-09-25 15:02:24
52,https://1k.by/sport/sportingequipment-bicycles/favorit/,ERROR: InvalidSessionIdException,2025-09-25 15:02:24
53,https://1k.by/sport/sportingequipment-bicycles/forsage/Forsage_Fusion_FEB25026004-4620094.html,ERROR: InvalidSessionIdException,2025-09-25 15:02:24
54,https://1k.by/sport/sportingequipment-bicycles/forsage/Forsage_Fusion_FEB25026004-4620094/offers/,ERROR: InvalidSessionIdException,2025-09-25 15:02:24
55,https://1k.by/sport/sportingequipment-bicycles/forsage/Forsage_Stroller_E_FEB25026005-4620096.html,ERROR: InvalidSessionIdException,2025-09-25 15:02:24
56,https://1k.by/sport/sportingequipment-bicycles/forsage/Forsage_Stroller_E_FEB25026005-4620096/offers/,ERROR: InvalidSessionIdException,2025-09-25 15:02:24
57,https://1k.by/sport/sportingequipment-bicycles/forward/,ERROR: InvalidSessionIdException,2025-09-25 15:02:24
58,https://1k.by/sport/sportingequipment-bicycles/foxx/,ERROR: InvalidSessionIdException,2025-09-25 15:02:24
59,https://1k.by/sport/sportingequipment-bicycles/foxx/Foxx_Caiman_JR_24_2025-5099726.html,ERROR: InvalidSessionIdException,2025-09-25 15:02:24
60,https://1k.by/sport/sportingequipment-bicycles/foxx/Foxx_Caiman_JR_24_2025-5099726/offers/,ERROR: InvalidSessionIdException,2025-09-25 15:02:24
61,https://1k.by/sport/sportingequipment-bicycles/hiper/HIPER_Engine_Fest_F2_2024-4937982.html,ERROR: InvalidSessionIdException,2025-09-25 15:02:24
62,https://1k.by/sport/sportingequipment-bicycles/hiper/HIPER_Engine_Fest_F2_2024-4937982/offers/,ERROR: InvalidSessionIdException,2025-09-25 15:02:24
63,https://1k.by/sport/sportingequipment-bicycles/hiper/HIPER_Engine_Fest_F5_2025-5106920.html,ERROR: InvalidSessionIdException,2025-09-25 15:02:24
64,https://1k.by/sport/sportingequipment-bicycles/hiper/HIPER_Engine_Fest_F5_2025-5106920/offers/,ERROR: InvalidSessionIdException,2025-09-25 15:02:24
65,https://1k.by/sport/sportingequipment-bicycles/hiper/HIPER_Engine_Fest_F6_2025-5106923.html,ERROR: InvalidSessionIdException,2025-09-25 15:02:24
66,https://1k.by/sport/sportingequipment-bicycles/hiper/HIPER_Engine_Fest_F8_2025-5106926.html,ERROR: InvalidSessionIdException,2025-09-25 15:02:24
67,https://1k.by/sport/sportingequipment-bicycles/krakken/,ERROR: InvalidSessionIdException,2025-09-25 15:02:24
68,https://1k.by/sport/sportingequipment-bicycles/krakken/Krakken_Salazar_29_2024-5099626.html,ERROR: InvalidSessionIdException,2025-09-25 15:02:24
69,https://1k.by/sport/sportingequipment-bicycles/krakken/Krakken_Salazar_29_2024-5099626/offers/,ERROR: InvalidSessionIdException,2025-09-25 15:02:24
70,https://1k.by/sport/sportingequipment-bicycles/kugoo/Kugoo_V1-4486517.html,ERROR: InvalidSessionIdException,2025-09-25 15:02:24
71,https://1k.by/sport/sportingequipment-bicycles/kugoo/Kugoo_V1-4486517/offers/,ERROR: InvalidSessionIdException,2025-09-25 15:02:24
72,https://1k.by/sport/sportingequipment-bicycles/maxiscoo/,ERROR: InvalidSessionIdException,2025-09-25 15:02:24
73,https://1k.by/sport/sportingequipment-bicycles/myatu/MYATU_Ancheer_F0320-5031055.html,ERROR: InvalidSessionIdException,2025-09-25 15:02:24
74,https://1k.by/sport/sportingequipment-bicycles/myatu/MYATU_Ancheer_F0320-5031055/offers/,ERROR: InvalidSessionIdException,2025-09-25 15:02:24
75,https://1k.by/sport/sportingequipment-bicycles/myway/MyWay_Let_250_26-4938031.html,ERROR: InvalidSessionIdException,2025-09-25 15:02:24
76,https://1k.by/sport/sportingequipment-bicycles/myway/MyWay_Let_250_26-4938031/offers/,ERROR: InvalidSessionIdException,2025-09-25 15:02:24
77,https://1k.by/sport/sportingequipment-bicycles/nialanti/,ERROR: InvalidSessionIdException,2025-09-25 15:02:24
78,https://1k.by/sport/sportingequipment-bicycles/nialanti/Nialanti_ForsaJ_MD_26_2025-5098205.html,ERROR: InvalidSessionIdException,2025-09-25 15:02:24
79,https://1k.by/sport/sportingequipment-bicycles/nialanti/Nialanti_ForsaJ_MD_26_2025-5098205/offers/,ERROR: InvalidSessionIdException,2025-09-25 15:02:24
80,https://1k.by/sport/sportingequipment-bicycles/nialanti/Nialanti_ForsaJ_MD_29_2025-5099687.html,ERROR: InvalidSessionIdException,2025-09-25 15:02:24
81,https://1k.by/sport/sportingequipment-bicycles/nialanti/Nialanti_ForsaJ_MD_29_2025-5099687/offers/,ERROR: InvalidSessionIdException,2025-09-25 15:02:24
82,https://1k.by/sport/sportingequipment-bicycles/nialanti/Nialanti_Stellar_MD_26_2025-5099704.html,ERROR: InvalidSessionIdException,2025-09-25 15:02:24
83,https://1k.by/sport/sportingequipment-bicycles/nialanti/Nialanti_Stellar_MD_26_2025-5099704/offers/,ERROR: InvalidSessionIdException,2025-09-25 15:02:24
84,https://1k.by/sport/sportingequipment-bicycles/nialanti/Nialanti_Subway_10_MD_24_2024-4938339.html,ERROR: InvalidSessionIdException,2025-09-25 15:02:24
85,https://1k.by/sport/sportingequipment-bicycles/nialanti/Nialanti_Subway_10_MD_24_2024-4938339/offers/,ERROR: InvalidSessionIdException,2025-09-25 15:02:24
86,https://1k.by/sport/sportingequipment-bicycles/novatrack/,ERROR: InvalidSessionIdException,2025-09-25 15:02:24
87,https://1k.by/sport/sportingequipment-bicycles/novatrack/Novatrack_Dozer_24_STD_2021-4501125.html,ERROR: InvalidSessionIdException,2025-09-25 15:02:24
88,https://1k.by/sport/sportingequipment-bicycles/novatrack/Novatrack_Dozer_24_STD_2021-4501125/offers/,ERROR: InvalidSessionIdException,2025-09-25 15:02:24
89,https://1k.by/sport/sportingequipment-bicycles/novatrack/Novatrack_Katrina_16_V_2022-4954849.html,ERROR: InvalidSessionIdException,2025-09-25 15:02:24
90,https://1k.by/sport/sportingequipment-bicycles/novatrack/Novatrack_Katrina_16_V_2022-4954849/offers/,ERROR: InvalidSessionIdException,2025-09-25 15:02:24
91,https://1k.by/sport/sportingequipment-bicycles/novatrack/Novatrack_Katrina_20_V_2024-4954844.html,ERROR: InvalidSessionIdException,2025-09-25 15:02:24
92,https://1k.by/sport/sportingequipment-bicycles/novatrack/Novatrack_Katrina_20_V_2024-4954844/offers/,ERROR: InvalidSessionIdException,2025-09-25 15:02:24
93,https://1k.by/sport/sportingequipment-bicycles/novatrack/Novatrack_Prime_16_Al_2020-4096149.html,ERROR: InvalidSessionIdException,2025-09-25 15:02:24
94,https://1k.by/sport/sportingequipment-bicycles/novatrack/Novatrack_Prime_16_Al_2020-4096149/offers/,ERROR: InvalidSessionIdException,2025-09-25 15:02:24
95,https://1k.by/sport/sportingequipment-bicycles/novatrack/Novatrack_Prime_16_Al_Girl_2020_167APRIMEGPN20-4096157.html,ERROR: InvalidSessionIdException,2025-09-25 15:02:24
96,https://1k.by/sport/sportingequipment-bicycles/novatrack/Novatrack_Prime_16_Al_Girl_2020_167APRIMEGPN20-4096157/offers/,ERROR: InvalidSessionIdException,2025-09-25 15:02:24
97,https://1k.by/sport/sportingequipment-bicycles/novatrack/Novatrack_Prime_16_V_brake_2020-4501134.html,ERROR: InvalidSessionIdException,2025-09-25 15:02:24
98,https://1k.by/sport/sportingequipment-bicycles/novatrack/Novatrack_Prime_16_V_brake_2020-4501134/offers/,ERROR: InvalidSessionIdException,2025-09-25 15:02:24
99,https://1k.by/sport/sportingequipment-bicycles/novatrack/Novatrack_Racer_24_2023-4954854.html,ERROR: InvalidSessionIdException,2025-09-25 15:02:24
100,https://1k.by/sport/sportingequipment-bicycles/novatrack/Novatrack_Racer_24_2023-4954854/offers/,ERROR: InvalidSessionIdException,2025-09-25 15:02:24
101,https://1k.by/sport/sportingequipment-bicycles/novatrack/Novatrack_Strike_20_2022-4613207.html,ERROR: InvalidSessionIdException,2025-09-25 15:02:24
102,https://1k.by/sport/sportingequipment-bicycles/novatrack/Novatrack_Strike_20_2022-4613207/offers/,ERROR: InvalidSessionIdException,2025-09-25 15:02:24
103,https://1k.by/sport/sportingequipment-bicycles/novatrack/Novatrack_Tetris_14_2020-4005353.html,ERROR: InvalidSessionIdException,2025-09-25 15:02:24
104,https://1k.by/sport/sportingequipment-bicycles/novatrack/Novatrack_Tetris_14_2020-4005353/offers/,ERROR: InvalidSessionIdException,2025-09-25 15:02:24
105,https://1k.by/sport/sportingequipment-bicycles/novatrack/Novatrack_Tornado_16_2019-3528109.html,ERROR: InvalidSessionIdException,2025-09-25 15:02:24
106,https://1k.by/sport/sportingequipment-bicycles/novatrack/Novatrack_Tornado_16_2019-3528109/offers/,ERROR: InvalidSessionIdException,2025-09-25 15:02:24
107,https://1k.by/sport/sportingequipment-bicycles/novatrack/Novatrack_Vortex_Alloy_20_6V_2024-4957397.html,ERROR: InvalidSessionIdException,2025-09-25 15:02:24
108,https://1k.by/sport/sportingequipment-bicycles/novatrack/Novatrack_Vortex_Alloy_20_6V_2024-4957397/offers/,ERROR: InvalidSessionIdException,2025-09-25 15:02:24
109,https://1k.by/sport/sportingequipment-bicycles/page11,ERROR: InvalidSessionIdException,2025-09-25 15:02:24
110,https://1k.by/sport/sportingequipment-bicycles/page2,ERROR: InvalidSessionIdException,2025-09-25 15:02:24
111,https://1k.by/sport/sportingequipment-bicycles/page3,ERROR: InvalidSessionIdException,2025-09-25 15:02:24
112,https://1k.by/sport/sportingequipment-bicycles/page4,ERROR: InvalidSessionIdException,2025-09-25 15:02:24
113,https://1k.by/sport/sportingequipment-bicycles/page5,ERROR: InvalidSessionIdException,2025-09-25 15:02:24
114,https://1k.by/sport/sportingequipment-bicycles/page6,ERROR: InvalidSessionIdException,2025-09-25 15:02:24
115,https://1k.by/sport/sportingequipment-bicycles/smartbalance/Smart_Balance_Corsa_2025-5106812.html,ERROR: InvalidSessionIdException,2025-09-25 15:02:24
116,https://1k.by/sport/sportingequipment-bicycles/smartbalance/Smart_Balance_Corsa_2025-5106812/offers/,ERROR: InvalidSessionIdException,2025-09-25 15:02:24
117,https://1k.by/sport/sportingequipment-bicycles/smartbalance/Smart_Balance_Corsa_Lite_2025-5106814.html,ERROR: InvalidSessionIdException,2025-09-25 15:02:24
118,https://1k.by/sport/sportingequipment-bicycles/smartbalance/Smart_Balance_Corsa_Lite_2025-5106814/offers/,ERROR: InvalidSessionIdException,2025-09-25 15:02:24
119,https://1k.by/sport/sportingequipment-bicycles/stark/,ERROR: InvalidSessionIdException,2025-09-25 15:02:24
120,https://1k.by/sport/sportingequipment-bicycles/stark/STARK_Jumper_271_FS_D_2024-4930702.html,ERROR: InvalidSessionIdException,2025-09-25 15:02:24
121,https://1k.by/sport/sportingequipment-bicycles/stark/STARK_Jumper_271_FS_D_2024-4930702/offers/,ERROR: InvalidSessionIdException,2025-09-25 15:02:24
122,https://1k.by/sport/sportingequipment-bicycles/stark/STARK_Madness_BMX_4_2024-4954380.html,ERROR: InvalidSessionIdException,2025-09-25 15:02:24
123,https://1k.by/sport/sportingequipment-bicycles/stark/STARK_Madness_BMX_4_2024-4954380/offers/,ERROR: InvalidSessionIdException,2025-09-25 15:02:24
124,https://1k.by/sport/sportingequipment-bicycles/stark/STARK_Tactic_FS_274_HD_2024-4954552.html,ERROR: InvalidSessionIdException,2025-09-25 15:02:24
125,https://1k.by/sport/sportingequipment-bicycles/stark/STARK_Tactic_FS_274_HD_2024-4954552/offers/,ERROR: InvalidSessionIdException,2025-09-25 15:02:24
126,https://1k.by/sport/sportingequipment-bicycles/stark/STARK_Terros_283_V_2024-4954585.html,ERROR: InvalidSessionIdException,2025-09-25 15:02:24
127,https://1k.by/sport/sportingequipment-bicycles/stark/STARK_Terros_283_V_2024-4954585/offers/,ERROR: InvalidSessionIdException,2025-09-25 15:02:24
128,https://1k.by/sport/sportingequipment-bicycles/stels/,ERROR: InvalidSessionIdException,2025-09-25 15:02:24
129,https://1k.by/sport/sportingequipment-bicycles/stels/STELS_Adrenalin_MD_275_V010_2022-4586423.html,ERROR: InvalidSessionIdException,2025-09-25 15:02:24
130,https://1k.by/sport/sportingequipment-bicycles/stels/STELS_Adrenalin_MD_275_V010_2022-4586423/offers/,ERROR: InvalidSessionIdException,2025-09-25 15:02:24
131,https://1k.by/sport/sportingequipment-bicycles/stels/STELS_Jolly_16_V010_2022-4586968.html,ERROR: InvalidSessionIdException,2025-09-25 15:02:24
132,https://1k.by/sport/sportingequipment-bicycles/stels/STELS_Jolly_16_V010_2022-4586968/offers/,ERROR: InvalidSessionIdException,2025-09-25 15:02:24
133,https://1k.by/sport/sportingequipment-bicycles/stels/STELS_Navigator_440_V_24_2017-2760119.html,ERROR: InvalidSessionIdException,2025-09-25 15:02:24
134,https://1k.by/sport/sportingequipment-bicycles/stels/STELS_Navigator_440_V_24_2017-2760119/offers/,ERROR: InvalidSessionIdException,2025-09-25 15:02:24
135,https://1k.by/sport/sportingequipment-bicycles/stels/STELS_Navigator_620_MD_26_V010_2020-4051237.html,ERROR: InvalidSessionIdException,2025-09-25 15:02:24
136,https://1k.by/sport/sportingequipment-bicycles/stels/STELS_Navigator_620_MD_26_V010_2020-4051237/offers/,ERROR: InvalidSessionIdException,2025-09-25 15:02:24
137,https://1k.by/sport/sportingequipment-bicycles/stels/STELS_Pilot_710_24_Z010_2022-4586833.html,ERROR: InvalidSessionIdException,2025-09-25 15:02:24
138,https://1k.by/sport/sportingequipment-bicycles/stels/STELS_Pilot_710_24_Z010_2022-4586833/offers/,ERROR: InvalidSessionIdException,2025-09-25 15:02:24
139,https://1k.by/sport/sportingequipment-bicycles/stels/STELS_Wind_18_Z020_2019-3560621.html,ERROR: InvalidSessionIdException,2025-09-25 15:02:24
140,https://1k.by/sport/sportingequipment-bicycles/stels/STELS_Wind_18_Z020_2019-3560621/offers/,ERROR: InvalidSessionIdException,2025-09-25 15:02:24
141,https://1k.by/sport/sportingequipment-bicycles/stinger/,ERROR: InvalidSessionIdException,2025-09-25 15:02:24
142,https://1k.by/sport/sportingequipment-bicycles/stinger/Stinger_Reload_Pro_29_2024-4933426.html,ERROR: InvalidSessionIdException,2025-09-25 15:02:24
143,https://1k.by/sport/sportingequipment-bicycles/stinger/Stinger_Reload_Pro_29_2024-4933426/offers/,ERROR: InvalidSessionIdException,2025-09-25 15:02:24
144,https://1k.by/sport/sportingequipment-bicycles/techteam/TechTeam_Oxic_20_2025-5106906.html,ERROR: InvalidSessionIdException,2025-09-25 15:02:24
145,https://1k.by/sport/sportingequipment-bicycles/techteam/TechTeam_Oxic_22_2025-5106909.html,ERROR: InvalidSessionIdException,2025-09-25 15:02:24
146,https://1k.by/sport/sportingequipment-bicycles/techteam/TechTeam_Panda_16-5106910.html,ERROR: InvalidSessionIdException,2025-09-25 15:02:24
147,https://1k.by/sport/sportingequipment-bicycles/techteam/TechTeam_Panda_18-5106912.html,ERROR: InvalidSessionIdException,2025-09-25 15:02:24
148,https://1k.by/sport/sportingequipment-bicycles/techteam/TechTeam_Quattro_12_2024-5106919.html,ERROR: InvalidSessionIdException,2025-09-25 15:02:24
149,https://1k.by/sport/sportingequipment-bicycles/techteam/TechTeam_Quattro_14_2024-5106917.html,ERROR: InvalidSessionIdException,2025-09-25 15:02:24
150,https://1k.by/sport/sportingequipment-bicycles/techteam/TechTeam_Quattro_16_2024-5106916.html,ERROR: InvalidSessionIdException,2025-09-25 15:02:24
151,https://1k.by/sport/sportingequipment-bicycles/techteam/TechTeam_Quattro_18_2024-5106913.html,ERROR: InvalidSessionIdException,2025-09-25 15:02:24
152,https://1k.by/sport/sportingequipment-bicycles/techteam/TechTeam_Quattro_20_2024-5106915.html,ERROR: InvalidSessionIdException,2025-09-25 15:02:24
153,https://1k.by/sport/sportingequipment-bicycles/volteco/,ERROR: InvalidSessionIdException,2025-09-25 15:02:24
154,https://1k.by/sport/sportingequipment-bicycles/volteco/Volteco_Flex-4152975.html,ERROR: InvalidSessionIdException,2025-09-25 15:02:24
155,https://1k.by/sport/sportingequipment-bicycles/volteco/Volteco_Flex-4152975/offers/,ERROR: InvalidSessionIdException,2025-09-25 15:02:24
156,https://1k.by/sport/sportingequipment-bicycles/yakama/,ERROR: InvalidSessionIdException,2025-09-25 15:02:24
157,https://1k.by/sport/sportingequipment-bicycles/yakama/Yakama_S1-5106800.html,ERROR: InvalidSessionIdException,2025-09-25 15:02:24
158,https://1k.by/sport/sportingequipment-bicycles/yakama/Yakama_S1-5106800/offers/,ERROR: InvalidSessionIdException,2025-09-25 15:02:24
159,https://1k.by/sport/sportingequipment-bicycles/yakama/Yakama_S2-5106802.html,ERROR: InvalidSessionIdException,2025-09-25 15:02:24
160,https://1k.by/sport/sportingequipment-bicycles/yakama/Yakama_S2-5106802/offers/,ERROR: InvalidSessionIdException,2025-09-25 15:02:24
161,https://1k.by/sport/sportingequipment-bicycles/yakama/Yakama_S3-5106804.html,ERROR: InvalidSessionIdException,2025-09-25 15:02:24
162,https://1k.by/sport/sportingequipment-bicycles/yakama/Yakama_S3-5106804/offers/,ERROR: InvalidSessionIdException,2025-09-25 15:02:24
163,https://1k.by/sport/sportingequipment-bicycles/yakama/Yakama_S4-5106807.html,ERROR: InvalidSessionIdException,2025-09-25 15:02:24
164,https://1k.by/sport/sportingequipment-bicycles/yakama/Yakama_S4-5106807/offers/,ERROR: InvalidSessionIdException,2025-09-25 15:02:24
165,https://1k.by/users/auth,ERROR: InvalidSessionIdException,2025-09-25 15:02:24
166,https://1k.by/users/register,ERROR: InvalidSessionIdException,2025-09-25 15:02:24
167,https://1k.by/users/registerseller,ERROR: InvalidSessionIdException,2025-09-25 15:02:24
168,https://1k.by/vendors/,ERROR: InvalidSessionIdException,2025-09-25 15:02:24
169,https://auto.1k.by/,ERROR: InvalidSessionIdException,2025-09-25 15:02:24
170,https://auto.1k.by/wheels-tyres/,ERROR: InvalidSessionIdException,2025-09-25 15:02:24
171,https://digital.1k.by/,ERROR: InvalidSessionIdException,2025-09-25 15:02:24
172,https://digital.1k.by/video-surveillancedvrs/,ERROR: InvalidSessionIdException,2025-09-25 15:02:24
173,https://digital.1k.by/video-tvpanels/,ERROR: InvalidSessionIdException,2025-09-25 15:02:24
174,https://home.1k.by/,ERROR: InvalidSessionIdException,2025-09-25 15:02:24
175,https://home.1k.by/home-washer/,ERROR: InvalidSessionIdException,2025-09-25 15:02:24
176,https://komp.1k.by/,ERROR: InvalidSessionIdException,2025-09-25 15:02:24
177,https://komp.1k.by/mobile-notebooks/,ERROR: InvalidSessionIdException,2025-09-25 15:02:24
178,https://news.1k.by/,ERROR: InvalidSessionIdException,2025-09-25 15:02:24
179,https://phone.1k.by/,ERROR: InvalidSessionIdException,2025-09-25 15:02:24
180,https://phone.1k.by/styluses/,ERROR: InvalidSessionIdException,2025-09-25 15:02:24
181,https://r.1k.by/go.php?id=2143,ERROR: InvalidSessionIdException,2025-09-25 15:02:24
182,https://review.1k.by/,ERROR: InvalidSessionIdException,2025-09-25 15:02:24
183,https://static.1k.by/files/presentation.pdf,ERROR: InvalidSessionIdException,2025-09-25 15:02:24
184,https://users.1k.by/info-seller,ERROR: InvalidSessionIdException,2025-09-25 15:02:24
185,https://users.1k.by/setgeo,ERROR: InvalidSessionIdException,2025-09-25 15:02:24
186,https://1k.by/sport/sportingequipment-bicycles/arena/,OK,2025-09-25 15:02:24
187,https://1k.by/sport/sportingequipment-bicycles/arena/ARENA_Breeze_26_2025-5096039.html,OK,2025-09-25 15:02:24
