url,status
https://1k.by/sport/sportingequipment-bicycles/arena/ARENA_Rocky_28_2025-5097752/offers/,OK
https://1k.by/sport/sportingequipment-bicycles/kugoo/Kugoo_V1-4486517/offers/,OK
https://1k.by/sport/sportingequipment-bicycles/page4,OK
https://1k.by/sport/sportingequipment-bicycles/choice-full/,OK
https://1k.by/sport/sportingequipment-bicycles/aist/AIST_28_130_2022-4583328/offers/,OK
https://1k.by/sport/sportingequipment-bicycles-sellers/,OK
https://1k.by/sport/sportingequipment-bicycles/stels/STELS_Wind_18_Z020_2019-3560621/offers/,OK
https://1k.by/sport/sportingequipment-bicycles/nialanti/Nialanti_ForsaJ_MD_26_2025-5098205/offers/,OK
https://1k.by/sport/sportingequipment-bicycles/foxx/Foxx_Caiman_JR_24_2025-5099726.html,OK
https://1k.by/kids/,OK
https://r.1k.by/go.php?id=2114,OK
https://1k.by/sport/sportingequipment-bicycles/novatrack/Novatrack_Strike_20_2022-4613207/offers/,OK
https://1k.by/sport/sportingequipment-bicycles/volteco/Volteco_Flex-4152975/offers/,OK
https://1k.by/sport/sportingequipment-bicycles/choice-dlya-deteii-560/,OK
https://1k.by/dom/garden-pools/,OK
https://users.1k.by/setgeo,OK
https://1k.by/sport/sportingequipment-bicycles/foxx/,OK
https://1k.by/sport/sportingequipment-bicycles/smartbalance/Smart_Balance_Corsa_Lite_2025-5106814/offers/,OK
https://1k.by/info1k/about,OK
https://phone.1k.by/styluses/,OK
https://1k.by/sport/sportingequipment-bicycles/stark/STARK_Terros_283_V_2024-4954585/offers/,OK
https://home.1k.by/home-washer/,OK
https://1k.by/sport/sportingequipment-bicycles/favorit/,OK
https://1k.by/sport/sportingequipment-bicycles/arena/ARENA_Moon_275_2025-5097759/offers/,OK
https://1k.by/sport/sportingequipment-bicycles/choice-shosseiiniki-564/,OK
https://1k.by/sport/sportingequipment-bicycles/stels/STELS_Wind_18_Z020_2019-3560621.html,OK
https://1k.by/sport/sportingequipment-bicycles/volteco/,OK
https://digital.1k.by/video-surveillancedvrs/,OK
https://1k.by/sport/sportingequipment-bicycles/forsage/Forsage_Stroller_E_FEB25026005-4620096.html,OK
https://1k.by/sport/sportingequipment-bicycles/techteam/TechTeam_Quattro_18_2024-5106913.html,OK
https://1k.by/sport/sportingequipment-bicycles/stark/STARK_Tactic_FS_274_HD_2024-4954552.html,OK
https://1k.by/remont/izmerenie-thermalimagers/,OK
https://1k.by/sport/sportingequipment-bicycles/myway/MyWay_Let_250_26-4938031/offers/,OK
https://1k.by/sport/sportingequipment-bicycles/kugoo/Kugoo_V1-4486517.html,OK
https://1k.by/sport/sportingequipment-bicycles/yakama/Yakama_S1-5106800/offers/,OK
https://1k.by/sport/sportingequipment-bicycles/nialanti/Nialanti_Stellar_MD_26_2025-5099704/offers/,OK
https://1k.by/sport/sportingequipment-bicycles/all-list/,OK
https://1k.by/sport/sportingequipment-bicycles/page6,OK
https://1k.by/sport/sportingequipment-bicycles/foxx/Foxx_Caiman_JR_24_2025-5099726/offers/,OK
https://digital.1k.by/,OK
https://1k.by/sport/sportingequipment-bicycles/hiper/HIPER_Engine_Fest_F5_2025-5106920/offers/,OK
https://1k.by/sport/sportingequipment-bicycles/stark/STARK_Jumper_271_FS_D_2024-4930702.html,OK
https://1k.by/sport/sportingequipment-bicycles/choice-modeli-2024-goda-6743/,OK
https://1k.by/sport/sportingequipment-bicycles/novatrack/Novatrack_Tornado_16_2019-3528109.html,OK
https://1k.by/sport/sportingequipment-bicycles/novatrack/Novatrack_Katrina_16_V_2022-4954849/offers/,OK
https://1k.by/sport/sportingequipment-bicycles/yakama/Yakama_S4-5106807.html,OK
https://1k.by/sport/sportingequipment-bicycles/yakama/Yakama_S2-5106802.html,OK
https://1k.by/sport/sportingequipment-bicycles/techteam/TechTeam_Panda_16-5106910.html,OK
https://1k.by/sport/sportingequipment-bicycles/aist/,OK
https://home.1k.by/,OK
https://1k.by/sport/sportingequipment-bicycles/stels/,OK
https://1k.by/sport/sportingequipment-bicycles/novatrack/Novatrack_Racer_24_2023-4954854/offers/,OK
https://1k.by/sport/sportingequipment-bicycles/page11,OK
https://1k.by/sport/sportingequipment-bicycles/novatrack/Novatrack_Prime_16_Al_Girl_2020_167APRIMEGPN20-4096157/offers/,OK
https://1k.by/sport/sportingequipment-bicycles/page5,OK
https://1k.by/sport/sportingequipment-bicycles/choice-kredit-na-rodnyiya-tavaryi-6747/,OK
https://1k.by/sport/sportingequipment-bicycles/forsage/Forsage_Fusion_FEB25026004-4620094.html,OK
https://1k.by/sport/sportingequipment-bicycles/arena/ARENA_Rocky_28_2025-5097752.html,OK
https://1k.by/sport/sportingequipment-bicycles/hiper/HIPER_Engine_Fest_F2_2024-4937982.html,OK
https://1k.by/sport/sportingequipment-bicycles/novatrack/Novatrack_Strike_20_2022-4613207.html,OK
https://1k.by/sport/sportingequipment-bicycles/arena/ARENA_Crystal_26_2025-5096042.html,OK
https://1k.by/sport/sportingequipment-bicycles/novatrack/Novatrack_Tetris_14_2020-4005353.html,OK
https://1k.by/sport/sportingequipment-bicycles/novatrack/Novatrack_Prime_16_Al_Girl_2020_167APRIMEGPN20-4096157.html,OK
https://auto.1k.by/wheels-tyres/,OK
https://1k.by/sport/sportingequipment-bicycles/aspect/,OK
https://1k.by/sport/sportingequipment-bicycles/arena/ARENA_Breeze_26_2025-5096039.html,OK
https://phone.1k.by/,OK
https://1k.by/sport/sportingequipment-bicycles/yakama/Yakama_S2-5106802/offers/,OK
https://1k.by/dom/garden-gardenaccessories/,OK
https://1k.by/vendors/,OK
https://auto.1k.by/,OK
https://1k.by/sport/sportingequipment-bicycles/page3,OK
https://1k.by/sport/sportingequipment-bicycles/krakken/,OK
https://1k.by/sport/sportingequipment-bicycles/cord/CORD_5Bike_29_M500_2025-5099725/offers/,OK
https://users.1k.by/info-seller,OK
https://1k.by/sport/sportingequipment-bicycles/stels/STELS_Adrenalin_MD_275_V010_2022-4586423.html,OK
https://1k.by/sport/sportingequipment-bicycles/novatrack/Novatrack_Prime_16_V_brake_2020-4501134/offers/,OK
https://1k.by/sport/sportingequipment-bicycles/stark/STARK_Terros_283_V_2024-4954585.html,OK
https://1k.by/info1k/buyer,OK
https://1k.by/info1k/agreement,OK
https://1k.by/sport/sportingequipment-bicycles/arena/ARENA_Moon_275_2025-5097759.html,OK
https://1k.by/sport/sportingequipment-bicycles/smartbalance/Smart_Balance_Corsa_Lite_2025-5106814.html,OK
https://1k.by/sport/sportingequipment-bicycles/techteam/TechTeam_Quattro_20_2024-5106915.html,OK
https://1k.by/,OK
https://1k.by/sport/sportingequipment-bicycles/nialanti/,OK
https://1k.by/sport/sportingequipment-bicycles/choice-skladnyie-modeli-762/,OK
https://1k.by/sport/sportingequipment-bicycles/novatrack/Novatrack_Katrina_20_V_2024-4954844.html,OK
https://digital.1k.by/video-tvpanels/,OK
https://1k.by/sport/sportingequipment-bicycles/novatrack/,OK
https://1k.by/sport/sportingequipment-bicycles/arena/ARENA_Flash_24_2025-5096043/offers/,OK
https://1k.by/sport/sportingequipment-bicycles/cord/CORD_5Bike_29_M500_2025-5099725.html,OK
https://1k.by/sport/sportingequipment-bicycles/novatrack/Novatrack_Katrina_16_V_2022-4954849.html,OK
https://1k.by/sport/sportingequipment-bicycles/myatu/MYATU_Ancheer_F0320-5031055.html,OK
https://1k.by/info1k/ads,OK
https://1k.by/sport/sportingequipment-bicycles/arena/,OK
https://news.1k.by/,OK
https://1k.by/sport/sportingequipment-bicycles/novatrack/Novatrack_Vortex_Alloy_20_6V_2024-4957397.html,OK
https://1k.by/sport/sportingequipment-bicycles/novatrack/Novatrack_Katrina_20_V_2024-4954844/offers/,OK
https://1k.by/sport/sportingequipment-bicycles/maxiscoo/,OK
https://1k.by/sport/sportingequipment-bicycles/novatrack/Novatrack_Racer_24_2023-4954854.html,OK
https://1k.by/sport/sportingequipment-bicycles/nialanti/Nialanti_Subway_10_MD_24_2024-4938339/offers/,OK
https://1k.by/sport/sportingequipment-bicycles/choice-fet-baiik-1889/,OK
https://review.1k.by/,OK
https://1k.by/sport/sportingequipment-bicycles/novatrack/Novatrack_Dozer_24_STD_2021-4501125.html,OK
https://1k.by/soft/,OK
https://1k.by/sport/sportingequipment-bicycles/krakken/Krakken_Salazar_29_2024-5099626/offers/,OK
https://1k.by/sport/sportingequipment-bicycles/yakama/Yakama_S1-5106800.html,OK
https://1k.by/sport/sportingequipment-bicycles/stels/STELS_Navigator_620_MD_26_V010_2020-4051237/offers/,OK
https://1k.by/sport/sportingequipment-bicycles/stinger/Stinger_Reload_Pro_29_2024-4933426.html,OK
https://1k.by/sport/sportingequipment-bicycles/stark/STARK_Madness_BMX_4_2024-4954380/offers/,OK
https://1k.by/sport/sportingequipment-bicycles/stark/STARK_Jumper_271_FS_D_2024-4930702/offers/,OK
https://1k.by/sport/sportingequipment-bicycles/novatrack/Novatrack_Dozer_24_STD_2021-4501125/offers/,OK
https://1k.by/sport/sportingequipment-bicycles/arena/ARENA_Flash_24_2025-5096043.html,OK
https://1k.by/sport/sportingequipment-bicycles/novatrack/Novatrack_Tornado_16_2019-3528109/offers/,OK
https://1k.by/sport/sportingequipment-bicycles/yakama/Yakama_S3-5106804/offers/,OK
https://1k.by/sport/sportingequipment-bicycles/another/,OK
https://1k.by/sport/sportingequipment-bicycles/arena/ARENA_Crystal_26_2025-5096042/offers/,OK
https://1k.by/sport/sportingequipment-bicycles/hiper/HIPER_Engine_Fest_F8_2025-5106926.html,OK
https://1k.by/sport/sportingequipment-bicycles/arena/ARENA_Storm_26_2024-4925130.html,OK
https://1k.by/sport/sportingequipment-bicycles-terms/,OK
https://komp.1k.by/mobile-notebooks/,OK
https://1k.by/info1k/sitemap,OK
https://1k.by/sport/sportingequipment-bicycles/choice-aliyminievaya-rama-764/,OK
https://1k.by/sport/sportingequipment-bicycles/nialanti/Nialanti_Stellar_MD_26_2025-5099704.html,OK
https://1k.by/dom/garden-washeraccessories/,OK
https://1k.by/sport/sportingequipment-bicycles/page2,OK
https://1k.by/sport/sportingequipment-bicycles/novatrack/Novatrack_Prime_16_Al_2020-4096149/offers/,OK
https://1k.by/sport/sportingequipment-bicycles/stels/STELS_Pilot_710_24_Z010_2022-4586833/offers/,OK
https://1k.by/users/auth,OK
https://1k.by/sport/sportingequipment-bicycles/stels/STELS_Navigator_440_V_24_2017-2760119.html,OK
https://1k.by/sport/sportingequipment-bicycles/nialanti/Nialanti_ForsaJ_MD_29_2025-5099687/offers/,OK
https://1k.by/sport/sportingequipment-bicycles/choice-modeli-2023-goda-6744/,OK
https://1k.by/sport/sportingequipment-bicycles/stels/STELS_Jolly_16_V010_2022-4586968/offers/,OK
https://1k.by/sport/sportingequipment-bicycles/stels/STELS_Pilot_710_24_Z010_2022-4586833.html,OK
https://1k.by/health/,OK
https://1k.by/sport/sportingequipment-bicycles/stinger/,OK
https://1k.by/sport/sportingequipment-bicycles/stinger/Stinger_Reload_Pro_29_2024-4933426/offers/,OK
https://1k.by/sport/,OK
https://1k.by/remont/,OK
https://1k.by/sport/sportingequipment-bicycles/stark/STARK_Madness_BMX_4_2024-4954380.html,OK
https://1k.by/sport/sportingequipment-bicycles/stels/STELS_Navigator_620_MD_26_V010_2020-4051237.html,OK
https://1k.by/sport/sportingequipment-bicycles/novatrack/Novatrack_Vortex_Alloy_20_6V_2024-4957397/offers/,OK
https://1k.by/sport/sportingequipment-bicycles/nialanti/Nialanti_ForsaJ_MD_26_2025-5098205.html,OK
https://1k.by/sport/sportingequipment-bicycles/techteam/TechTeam_Panda_18-5106912.html,OK
https://1k.by/sport/sportingequipment-bicycles/krakken/Krakken_Salazar_29_2024-5099626.html,OK
https://1k.by/dom/,OK
https://1k.by/users/register,OK
https://1k.by/sport/sportingequipment-bicycles/yakama/,OK
https://1k.by/sport/sportingequipment-bicycles/hiper/HIPER_Engine_Fest_F2_2024-4937982/offers/,OK
https://1k.by/users/registerseller,OK
https://1k.by/sport/sportingequipment-bicycles/forsage/Forsage_Fusion_FEB25026004-4620094/offers/,OK
https://1k.by/sport/sportingequipment-bicycles/novatrack/Novatrack_Prime_16_Al_2020-4096149.html,OK
https://1k.by/sport/sportingequipment-bicycles/choice-karbonovaya-rama-561/,OK
https://1k.by/sport/sportingequipment-bicycles/smartbalance/Smart_Balance_Corsa_2025-5106812.html,OK
https://1k.by/gift/,OK
https://1k.by/sport/sportingequipment-bicycles/hiper/HIPER_Engine_Fest_F5_2025-5106920.html,OK
https://1k.by/sport/sportingequipment-bicycles/myway/MyWay_Let_250_26-4938031.html,OK
https://static.1k.by/files/presentation.pdf,OK
https://1k.by/sport/sportingequipment-bicycles/choice-elektrovelosiped-1895/,OK
https://1k.by/sport/sportingequipment-bicycles/nialanti/Nialanti_ForsaJ_MD_29_2025-5099687.html,OK
https://1k.by/sport/sportingequipment-bicycles/nialanti/Nialanti_Subway_10_MD_24_2024-4938339.html,OK
https://1k.by/sport/sportingequipment-bicycles/arena/ARENA_Storm_26_2024-4925130/offers/,OK
https://1k.by/sport/sportingequipment-bicycles/yakama/Yakama_S3-5106804.html,OK
https://1k.by/sport/sportingequipment-bicycles/techteam/TechTeam_Quattro_14_2024-5106917.html,OK
https://1k.by/sport/sportingequipment-bicycles/techteam/TechTeam_Oxic_20_2025-5106906.html,OK
https://1k.by/info1k/contacts,OK
https://1k.by/sport/sportingequipment-bicycles/forsage/Forsage_Stroller_E_FEB25026005-4620096/offers/,OK
https://1k.by/sport/sportingequipment-bicycles/stark/STARK_Tactic_FS_274_HD_2024-4954552/offers/,OK
https://1k.by/sport/sportingequipment-bicycles/volteco/Volteco_Flex-4152975.html,OK
https://1k.by/sport/sportingequipment-bicycles/stels/STELS_Navigator_440_V_24_2017-2760119/offers/,OK
https://1k.by/sport/sportingequipment-bicycles/techteam/TechTeam_Quattro_12_2024-5106919.html,OK
https://1k.by/sport/sportingequipment-bicycles/smartbalance/Smart_Balance_Corsa_2025-5106812/offers/,OK
https://1k.by/info1k/policycookie,OK
https://1k.by/sport/sportingequipment-bicycles/techteam/TechTeam_Oxic_22_2025-5106909.html,OK
https://komp.1k.by/,OK
https://1k.by/sport/sportingequipment-bicycles/stark/,OK
https://1k.by/sport/sportingequipment-bicycles/stels/STELS_Adrenalin_MD_275_V010_2022-4586423/offers/,OK
https://1k.by/sport/sportingequipment-bicycles/arena/ARENA_Breeze_26_2025-5096039/offers/,OK
https://1k.by/sport/sportingequipment-bicycles/novatrack/Novatrack_Tetris_14_2020-4005353/offers/,OK
https://1k.by/sport/sportingequipment-bicycles/forward/,OK
https://1k.by/sport/sportingequipment-bicycles/hiper/HIPER_Engine_Fest_F6_2025-5106923.html,OK
https://1k.by/sport/sportingequipment-bicycles/techteam/TechTeam_Quattro_16_2024-5106916.html,OK
https://1k.by/sport/sportingequipment-bicycles/yakama/Yakama_S4-5106807/offers/,OK
https://1k.by/sport/sportingequipment-bicycles/aist/AIST_28_130_2022-4583328.html,OK
https://1k.by/sport/sportingequipment-bicycles/novatrack/Novatrack_Prime_16_V_brake_2020-4501134.html,OK
https://1k.by/sport/sportingequipment-bicycles/myatu/MYATU_Ancheer_F0320-5031055/offers/,OK
https://1k.by/sport/sportingequipment-bicycles/stels/STELS_Jolly_16_V010_2022-4586968.html,OK
